{"cameraMode":{"drawMode":0,"name":"Shaded","section":"Shading Mode"},"sceneLighting":false,"audioPlay":false,"sceneViewState":{"m_AlwaysRefresh":false,"showFog":true,"showSkybox":true,"showFlares":true,"showImageEffects":true,"showParticleSystems":true,"showVisualEffectGraphs":true,"m_FxEnabled":true},"in2DMode":false,"pivot":{"x":-36.562461853027347,"y":5.840328693389893,"z":1.3581780195236207},"rotation":{"x":-0.024608468636870385,"y":-0.006315961945801973,"z":0.00015739627997390926,"w":-0.9996894598007202},"size":5.009557723999023,"orthographic":false}