{"cameraMode":{"drawMode":0,"name":"Shaded","section":"Shading Mode"},"sceneLighting":false,"audioPlay":false,"sceneViewState":{"m_AlwaysRefresh":false,"showFog":true,"showSkybox":true,"showFlares":true,"showImageEffects":true,"showParticleSystems":true,"showVisualEffectGraphs":true,"m_FxEnabled":true},"in2DMode":false,"pivot":{"x":-39.030555725097659,"y":-0.43878060579299929,"z":-1.2049925327301026},"rotation":{"x":-0.2629730701446533,"y":-0.49339592456817629,"z":0.15947389602661134,"w":-0.8136390447616577},"size":12.058317184448243,"orthographic":false}