{"cameraMode":{"drawMode":0,"name":"Shaded","section":"Shading Mode"},"sceneLighting":false,"audioPlay":false,"sceneViewState":{"m_AlwaysRefresh":false,"showFog":true,"showSkybox":true,"showFlares":true,"showImageEffects":true,"showParticleSystems":true,"showVisualEffectGraphs":true,"m_FxEnabled":true},"in2DMode":false,"pivot":{"x":-0.23614346981048585,"y":0.6723105907440186,"z":0.40969228744506838},"rotation":{"x":-0.10156284272670746,"y":0.12943024933338166,"z":-0.013325536623597145,"w":-0.9863021373748779},"size":2.1043920516967775,"orthographic":false}