{"cameraMode":{"drawMode":0,"name":"Shaded","section":"Shading Mode"},"sceneLighting":false,"audioPlay":false,"sceneViewState":{"m_AlwaysRefresh":false,"showFog":true,"showSkybox":true,"showFlares":true,"showImageEffects":true,"showParticleSystems":true,"showVisualEffectGraphs":true,"m_FxEnabled":true},"in2DMode":false,"pivot":{"x":2.56040620803833,"y":0.1898953914642334,"z":0.39501309394836428},"rotation":{"x":-0.13992750644683839,"y":-0.09285065531730652,"z":0.013182457536458969,"w":-0.985728919506073},"size":3.2369728088378908,"orthographic":false}