{"cameraMode":{"drawMode":0,"name":"Shaded","section":"Shading Mode"},"sceneLighting":false,"audioPlay":false,"sceneViewState":{"m_AlwaysRefresh":false,"showFog":true,"showSkybox":true,"showFlares":true,"showImageEffects":true,"showParticleSystems":true,"showVisualEffectGraphs":true,"m_FxEnabled":true},"in2DMode":false,"pivot":{"x":4.125525951385498,"y":-5.177199363708496,"z":30.976381301879884},"rotation":{"x":0.13688509166240693,"y":-0.03653375431895256,"z":0.005051726941019297,"w":0.9899042248725891},"size":23.644147872924806,"orthographic":false}